<?xml version="1.0" encoding="UTF-8"?>
<Manifest>
  <Report>
    <ScenarioName>test</ScenarioName>
    <TestCaseName>TCD1</TestCaseName>
    <ExpectedResult />
    <ReportStatus>PASS</ReportStatus>
  </Report>
  <Report>
    <ScenarioName>test</ScenarioName>
    <TestCaseName>TCD2</TestCaseName>
    <ExpectedResult />
    <ReportStatus>PASS</ReportStatus>
  </Report>
  <passedTests>2</passedTests>
  <failedTests>0</failedTests>
  <totalTests>2</totalTests>
  <Name>ITSS Test Automation Framework</Name>
  <toolVersion>4.2</toolVersion>
  <startDate>Thu Dec 03 05:30:21 UTC 2020</startDate>
  <duration>53062</duration>
  <result>PASS</result>
</Manifest>
