{
  "metadata": [
    {
      "src": [
        {
          "files": [
            "src/**.csproj"
          ],
          "exclude": [
            "**/obj/**",
            "**/bin/**",
            "_site/**"
          ]
        }
      ],
      "dest": "api"
    }
  ],
  "build": {
    "content": [
      {
        "files": [
          "home/**.yml",
          "home/index.md",
		  "home/contactus/index.md",
		  "home/docstore/index.md",
		  "home/docstore/techguides/index.md",
		  "toc.yml",
          "*.md"
        ],
       "exclude": [
         "obj/**",
         "_site/**"
       ]
	  }
    ],
    "resource": [
      {
        "files": [
          "images/**",
		  "home/docstore/techguides/doclist/**"
        ],
        "exclude": [
          "obj/**",
          "_site/**"
        ]
      }
    ],
    "overwrite": [
      {
        "files": [
          "apidoc/**.md"
        ],
        "exclude": [
          "obj/**",
          "_site/**"
        ]
      }
    ],
    "dest": "_site",
    "globalMetadataFiles": [],
    "fileMetadataFiles": [],
    "template": [
      "default"
    ],
    "postProcessors": [],
    "noLangKeyword": false,
    "keepFileLink": false,
    "cleanupCacheHistory": false
  }
}